CREATE DATABASE  IF NOT EXISTS `my_new_database` /*!40100 DEFAULT CHARACTER SET utf8mb4 COLLATE utf8mb4_0900_ai_ci */ /*!80016 DEFAULT ENCRYPTION='N' */;
USE `my_new_database`;
-- MySQL dump 10.13  Distrib 8.0.34, for Win64 (x86_64)
--
-- Host: localhost    Database: my_new_database
-- ------------------------------------------------------
-- Server version	8.0.35

/*!40101 SET @OLD_CHARACTER_SET_CLIENT=@@CHARACTER_SET_CLIENT */;
/*!40101 SET @OLD_CHARACTER_SET_RESULTS=@@CHARACTER_SET_RESULTS */;
/*!40101 SET @OLD_COLLATION_CONNECTION=@@COLLATION_CONNECTION */;
/*!50503 SET NAMES utf8 */;
/*!40103 SET @OLD_TIME_ZONE=@@TIME_ZONE */;
/*!40103 SET TIME_ZONE='+00:00' */;
/*!40014 SET @OLD_UNIQUE_CHECKS=@@UNIQUE_CHECKS, UNIQUE_CHECKS=0 */;
/*!40014 SET @OLD_FOREIGN_KEY_CHECKS=@@FOREIGN_KEY_CHECKS, FOREIGN_KEY_CHECKS=0 */;
/*!40101 SET @OLD_SQL_MODE=@@SQL_MODE, SQL_MODE='NO_AUTO_VALUE_ON_ZERO' */;
/*!40111 SET @OLD_SQL_NOTES=@@SQL_NOTES, SQL_NOTES=0 */;

--
-- Table structure for table `coursetype`
--

DROP TABLE IF EXISTS `coursetype`;
/*!40101 SET @saved_cs_client     = @@character_set_client */;
/*!50503 SET character_set_client = utf8mb4 */;
CREATE TABLE `coursetype` (
  `courseTypeID` int NOT NULL AUTO_INCREMENT,
  `courseTypeName` varchar(255) NOT NULL,
  PRIMARY KEY (`courseTypeID`)
) ENGINE=InnoDB AUTO_INCREMENT=3 DEFAULT CHARSET=utf8mb4 COLLATE=utf8mb4_0900_ai_ci;
/*!40101 SET character_set_client = @saved_cs_client */;

--
-- Dumping data for table `coursetype`
--

LOCK TABLES `coursetype` WRITE;
/*!40000 ALTER TABLE `coursetype` DISABLE KEYS */;
INSERT INTO `coursetype` VALUES (1,'3year'),(2,'4year');
/*!40000 ALTER TABLE `coursetype` ENABLE KEYS */;
UNLOCK TABLES;

--
-- Table structure for table `departments`
--

DROP TABLE IF EXISTS `departments`;
/*!40101 SET @saved_cs_client     = @@character_set_client */;
/*!50503 SET character_set_client = utf8mb4 */;
CREATE TABLE `departments` (
  `DeptID` int NOT NULL AUTO_INCREMENT,
  `DeptName` varchar(255) NOT NULL,
  PRIMARY KEY (`DeptID`)
) ENGINE=InnoDB AUTO_INCREMENT=6 DEFAULT CHARSET=utf8mb4 COLLATE=utf8mb4_0900_ai_ci;
/*!40101 SET character_set_client = @saved_cs_client */;

--
-- Dumping data for table `departments`
--

LOCK TABLES `departments` WRITE;
/*!40000 ALTER TABLE `departments` DISABLE KEYS */;
INSERT INTO `departments` VALUES (1,'CSE'),(2,'ECE'),(3,'CE'),(4,'EE'),(5,'ME');
/*!40000 ALTER TABLE `departments` ENABLE KEYS */;
UNLOCK TABLES;

--
-- Table structure for table `faculty`
--

DROP TABLE IF EXISTS `faculty`;
/*!40101 SET @saved_cs_client     = @@character_set_client */;
/*!50503 SET character_set_client = utf8mb4 */;
CREATE TABLE `faculty` (
  `Faculty_Id` int NOT NULL AUTO_INCREMENT,
  `Faculty_Name` varchar(255) NOT NULL,
  `Degree` varchar(255) NOT NULL,
  `Designation` varchar(255) NOT NULL,
  `Email_id` varchar(255) NOT NULL,
  `Teaching_experience` int NOT NULL,
  `Research_experience` int NOT NULL,
  `Industry_experience` int NOT NULL,
  `Research_interest` varchar(255) NOT NULL,
  `Teaching_interest` varchar(555) NOT NULL,
  `d_id` int NOT NULL,
  PRIMARY KEY (`Faculty_Id`),
  KEY `DeptId_idx` (`d_id`),
  CONSTRAINT `d_id` FOREIGN KEY (`d_id`) REFERENCES `departments` (`DeptID`)
) ENGINE=InnoDB AUTO_INCREMENT=82 DEFAULT CHARSET=utf8mb4 COLLATE=utf8mb4_0900_ai_ci;
/*!40101 SET character_set_client = @saved_cs_client */;

--
-- Dumping data for table `faculty`
--

LOCK TABLES `faculty` WRITE;
/*!40000 ALTER TABLE `faculty` DISABLE KEYS */;
INSERT INTO `faculty` VALUES (1,'Dr.Biswajit Halder','NIL','Professor & Head, Department of CSE','biswajit.halder@hetc.ac.in',18,6,6,'Document Processing, Image processing, tempering detection, Authentication printed security documents, Copy-paste tempering detection in digital image, Half-tone image processing.','Image processing, Pattern recognition, Machine learning, Data structure, Operating System, Design and analysis of Algorithm, Data base management system, Computer Vision, Data Warehousing and Data Mining, And others data science related subjects.',1),(2,'Dibyendu Samanta','M.E(West Bengal University of Technology)','Assistant Professor & Co-Ordinator','dibyendu.samanta@hetc.ac.in',15,4,0,'Pattern Recognition, Network Security, Image Processing','Design & Analysis of Algorithms, Formal Languages & Automata theory, Data Structures & algorithm.',1),(3,'Sumanta Daw','M.Tech , Pursuing Ph.D(Registered)','Assistant Professor','sumanta.daw@hetc.ac.in',19,12,1,'Pattern Recognition and Network Security.','Algorithm Analysis, Operating System, System Programming, Object Technology, Computer Network, Web Technology, E-Commerce, Soft Computing, Computer and Network Security.',1),(4,'Shyamal Pal','M.Tech','Assistant Professor','pal.shyamal2003@hetc.ac.in',15,0,0,'Intelligent Virtual Environment, Interactive Storytelling, etc','Computer Graphics, Multimedia, Artificial Intelligence, Soft Computing, etc',1),(5,'Manab Kumar Saha','M.TECH(NIT-Durgapur)','Assistant Professor','manab.saha@hetc.ac.in',13,2,2,'NIL','Computer Organization, Computer Organization and Architecture, Computer Network, Computer Communication and networking, Operating System, Internet Technology and Basic Computation and Principle of Computer Programming, Software Engineering.',1),(6,'Sanghamitra Das','M.Tech','Assistant Professor','sanghamitra.das@hetc.ac.in',16,4,0,'IMAGE PROCESSING, DATA MINING','Database Management System, Computer Networks, Operating System, Object Oriented Programming using C++.',1),(7,'Arup Mallick','NIL','Assistant Professor','NIL',15,2,0,'Bioinformatics, Computational Biology, Machine Learning','Operating System, Computer Network, Database Management System, Software Engineering, Machine Learning.',1),(8,'Mousomi Roy','M.Tech , Pursuing Ph.D(Registered)','Assistant Professor','mousomi@hetc.ac.in',0,7,0,'Image Cryptography, Chaos theory and Application, Digital Image Processing.','Formal Language & Automata Theory, Compiler Design, Network Security and Cryptography, Data Structures & algorithm, Database Management System, Operating System, Design and Analysis of Algorithm Basic Computation & principles of programming Language.',1),(9,'Agnimita Banerjee','M.Tech ','Assistant Professor','agnimita@hetc.ac.in',12,0,0,'NIL','NIL',1),(10,'SOURAV BANIK','NIL','Assistant Professor','sourav.banik@hetc.ac.in',7,0,0,'IMAGE PROCESSING, MACHINE LEARNING','OOPs, OPERATING SYSTEM, COMPUTER NETWORK, DATABASE MANAGEMENT SYSTEM, PYTHON',1),(11,'Samayita Sarkar','NIL','Assistant Professor','samayita@hetc.ac.in',0,0,0,'NIL','NIL',1),(12,'Parna Satapathi','NIL','Assistant Professor','parna@hetc.ac.in',11,2,0,'NIL','NIL',1),(13,'Dhriti Chakraborty','NIL','Assistant Professor','dhriti@hetc.ac.in',0,0,0,'NIL','NIL',1),(14,'Mousumi Biswas','NIL','Assistant Professor','mosumi.biswas@hetc.ac.in',0,0,0,'NIL','NIL',1),(15,'Chiranjeet Sarkar','NIL','Assistant Professor',' chiranjeet.sarkar@hetc.ac.in',7,1,0,'Image Processing, Machine Learning.','Operating System, Computer Network, Database Management System, Data Structure and Algorithms.',1),(16,'Pritam Kumar Sett','NIL','Assistant Professor','NIL',0,0,0,'NIL','NIL',1),(17,'Prof.(DR.)Tarak Kumar Bandyopadhyay','B.E,M.E,PhD(Jadavpur University)','President/Advisor','president@hetc.ac.in',46,0,0,'NIL','NIL',2),(18,'Dr. Ankan Bhattacharya','M.Tech , Ph.D. NIT(Durgapur)','Associate Professor & Head','ankan@hetc.ac.in',11,5,0,'NIL','NIL',2),(19,'Swagata Choudhury','M.Tech(Jadavpur University),','Associate Professor & Co-Ordinator','swagata.mallik@hetc.ac.in',18,0,0,'NIL','Solid State Devices, Analog Electronics, Digital Electronics, DSP, VLSI Design',2),(20,'Swarup Samanta','M.Tech(Jadavpur University)','Assistant Professor','swarup.samanta@hetc.ac.in',18,0,0,'Communication, DSP','Electronic Communication (Analog,Digital,Wireless)',2),(21,'Jagadish Bhattacharya','M.Tech(Jadavpur University)','Assistant Professor','jagadish@hetc.ac.in',17,0,0,'E-waste management, Quantum Computing, Evolutionary Algorithms','Microprocessors & Microcontrollers, Analog and Digital Circuits, Microelectronics & VLSI Design.',2),(22,'Biswajit Basak','M.E.','Associate Professor','biswajit.basak@hetc.ac.in, biswajitbsk@yahoo.co.in',16,1,3,'Embedded System, RTOS,DSP Processor, Reconfigurable Architecture','Embedded System, Microprocessor based system,VLSI, DSP, Analog Electronics',2),(23,'Subhojit Malik','M.Tech (Jadavpur University) & Pursuing Ph.D (Registered)','Assistant Professor','subhojit.malik@hetc.ac.in',15,0,2,'e-Nose, QCM Sensor, IoT, Machine Learning, Image Processing.','Signals and Systems, Digital System Design, Control System, Digital Signal Processing, Digital Image Processing, Wireless Sensor Networks, Internet of Things.',2),(24,'Subhajit Roy','M.Tech(Jadavpur University)','Assistant Professor','subhajit.roy@hetc.ac.in',13,2,0,'Wireless Sensor Network, Fuzzy Logic','Microprocessor and Microcontroller, Communication Engineering, Analog & Digital Electronics, Robotics, Artificial Intelligence, C Language & Data Structure',2),(25,'Deb Kumar Sheet','M.Tech(Jadavpur University)','Assistant Professor','deb.sheet@hetc.ac.in',14,0,0,'DSP, Neural Network, Artificial Intelligence, Image Processing','Basic Electronics, Analog Electronics, DSP, Telecommunication System',2),(26,'Manish Kumar Singh','M.Tech(Jadavpur University)','Assistant Professor','manish.kumar.singh@hetc.ac.in',10,0,0,'Digital Signal processing','Basic Electronics , Digital Electronics, Digital Signal Processing, RADAR Engineering',2),(27,'Dhrubajyoti Bhaumick','M. Tech. (IRPE,CU), Pursuing Ph. D. (IRPE,CU)','Assistant Professor','dhruba@hetc.ac.in',1,8,0,'Mobile Communication, Wireless Communication, Mobile Computing, Computer Networks, IEEE 802.11 WLAN','NIL',2),(28,'Bidisha Sengupta','NIL','Senior Technical Assistant','bidisha.sengupta@hetc.ac.in',15,0,1,'Microprocessor & Microcontroller, VLSI Design','Basic Electronics, Digital Electronics, Analog and Digital Communication System, Computer Architecture, Microelectronics and VLSI Design, Microprocessors & Microcontrollers',2),(29,'Shyamali Gayen','NIL','Senior Technical Assistant','shyamali.gayen@hetc.ac.in',15,0,2,'Communication Systems','Basic Electronics, Analog Electronics, Digital Electronics, Digital Signal Processing, Analog and Digital Communication System, EM Theory & Transmission Lines, Microwave Communication, Antenna & Propagation, Optical Fiber Communication System',2),(30,'Dr.Tanumoy Ghosh','M.E ,Ph.D(IIEST, Shibpur)','H.O.D of Civil Department , Associate Professor','tanumoy.ghosh@hetc.ac.in',11,6,0,'Transportation Engineering','Transportation Engineering, Soil Mechanics, Foundation Engineering, Concrete Technology, Building material and Construction, Water Resources Engineering, Environmental Engineering.',3),(31,'Dr.Soumya Kanta Ray','M.E & Ph.D (IIEST, Shibpur)','Assistant Professor','soumya@hetc.ac.in',4,7,7,'Water & Waste purification technology, Air pollution control instrumentation, Nano material application, Material Characterizations.','Environmental Engineering, Environmental Impact Assessment (EIA), Water Audit, Remote Sensing, Hydrology, Energy & Environment, Concrete technology.',3),(32,'Arpita Chattopadhyay','M.E(BENGAL ENGINEERING & SCIENCE UNIVERSITY, Shibpur','Co-Ordinator ,Assistant Professor','arpita.chattopadhyay@hetc.ac.in',15,2,0,'Transportation Engineering, Geotechnical Engineering','Transportation Engineering, Soil Mechanics, Foundation Engineering, Surveying, Estimation and valuation, Building materials and construction, Concrete technology.',3),(33,'Arpita Das','M.Tech (NIT Durgapur )Pursuing Ph.D(Registered)','Assistant Professor','arpita.das@hetc.ac.in',9,3,1,'Application of Nanomaterial in Civil Engineering Construction','Solid Mechanics, Structural Analysis, Design of RC Structures, Design of Steel Structures, Prestressed Concrete, Dynamics of Structures. Hydraulic Structure, Soil Mechanics.',3),(34,'Shibasish Deb','M.E(BENGAL ENGINEERING & SCIENCE UNIVERSITY, Shibpur)','Assistant Professor','shibasish.deb@hetc.ac.in',12,0,3,'Non-linear Analysis, Composite Structures, Structural Dynamics','Structural Analysis & Design of RCC & Steel Structures, Building Design & Drawing, Structural Mechanics, Fluid Mechanics & Hydraulic Machines, Hydraulic Structures, Concrete Technology and Geotechnical Engineering.',3),(35,'Piyali Das','M.Tech (Jadavpur University)','Assistant Professor','piyali.das@hetc.ac.in',9,1,0,'Environmental Engineering, Water Resource Engineering.','Environmental Engineering, Water Resource Engineering, Surveying, Transportation Engineering, Hydraulic Structure,',3),(36,'Saikat Datta','B.E. ( Jadavpur University), M.E. ( IIEST, Shibpur)','Assistant Professor','saikat@hetc.ac.in',9,1,0,'NIL','Teaching Interest – Soil Mechanics, Foundation Engineering, Deep Foundation, Surveying & Geomatics, Introduction to Solid Mechanics, Structural Analysis',3),(37,'Jayanta Bandyopadhyay','NIL','Assistant Professor','jbanerjee1987@hetc.ac.in',34,0,18,'Building, Environmental Engineering','Structural Design, Structural Mechanics, Construction, Planning &Estimation, Fluid Mechanics, Programming Language, Engineering Graphics & Physics.',3),(38,'Suvendu Das','BA LLB (Hons.)','Assistant Professor','NIL',0,0,0,'NIL','NIL',3),(39,'Somnath Dey','NIL','Technical Assistant','somnathdey.82@gmail.com',14,0,0,'NIL','Fluid Mechanics, Soil Mechanics, Solid Mechanics, Auto-CAD.',3),(40,'Tonima Das','NIL','Technical Assistant','tonima_das2008@rediffmail.com;',13,0,1,'NIL','Environmental Engineering, Surveying, Auto-CAD, STAAD-PRO',3),(41,'Sudipta Kansabanik','NIL','Technical Assistant','skansabanik@rediffmail.com',12,0,0,'NIL','Highway and Transportation, Concrete Technology, Surveying.',3),(42,'Dr.Avijit Maity','B.E,M.E,Ph.D(Jadavpur University)','Professor & HOD','secretary.hetcs@hetc.ac.in',16,8,7,'Studies on Transient Over-Voltage and Voltage Instability in High Tension Power Grids','Electrical machines, Power Systems, High Voltage Engineering, Power Electronics, Electric Drives',4),(43,'Dr.Suhas Deb','Ph.D(Jadavpur University)','Associate Professor & Co-Ordinator','suhas@hetc.ac.in',13,6,0,'NIL','NIL',4),(44,'Dr.Kaushik Sit','M. Tech (NIT Agartala), Ph.D (Jadavpur University)','Assistant Professor','kaushik@hetc.ac.in',6,6,1,'NIL','NIL',4),(45,'Dr. Anirban Upadhyaya','B.E,(Jadavpur University),Ph.D(IIEST, Shibpur)','Assistant Professor','anirban@hetc.ac.in',0,0,0,'Fault Current Limiters','Power System, Circuit Theory, Basic Electrical,',4),(46,'Chandan Jana','B.E,M.E(Jadavpur University) ,Pursuing Ph.D (Registered)','Assistant Professor','chandan.jana@hetc.ac.in',22,1,1,'Transmission and Distribution in Power System','Power System, Field Theory, Circuit Theory, Power electronics, Basic Electrical Engineering .',4),(47,'Anikendu Maitra','M.Tech ,Pursuing Ph.D (Registered)','Assistant Professor','anikendu.maitra@hetc.ac.in ;',13,2,1,'Power system protection and analysis','Power System, Circuit Theory, Electrical and Electronic Measurement, Energy Management and Audit',4),(48,'Sandip Das','M.TECH(Jadavpur University)','Assistant Professor','sandip.das@hetc.ac.in,',11,0,0,'Energy Management, Alternative ways of electrical energy generation, control & distribution,microgrid,smart grid','Utilization of Electric Power, Non-conventional Energy source, Energy Management, Control System, Electrical Machines, Basic Electrical & Electronics Engineering.',4),(49,'Sannistha Banerjee','M.Tech , Pursuing Ph.D (Registered)','Assistant Professor','sannistha@hetc.ac.in',12,7,0,'• Power system transient stability studies • Signal processing and advanced data processing technique • Application of machine learning • Incorporation of renewable energy sources in power distribution network','Power System, Circuit Theory, Basic Electrical, Control System, Electrical Machines',4),(50,'Shilpi Saha','M.Tech,Pursuing Ph.D (Registered)','Assistant Professor','shilpi.saha@hetc.ac.in',15,5,0,'Nonlinear phenomena in a power electronis converter','Circuit theory, Basic electrical, Control system, Energy management and audit, utilization of electric power,Power Electronics',4),(51,'Swati De','M. Tech','Assistant Professor','NIL',6,0,8,'NIL','Control System',4),(52,'Snehasish Pal','B.E.&M.E(BESU)','Assistant Professor','snehasish@hetc.ac.in',18,4,0,'control system & power Electronics','NIL',4),(53,'Debasish Mitra','NIL','Assistant Professor','debasish@hetc.ac.in',3,0,8,'NIL','Electrical Machine & Power System',4),(54,'Shivam Golder','NIL','Assistant Professor','NIL',2,0,1,'NIL','NIL',4),(55,'Sajal Kumar Bandyopadhyay','NIL','Senior Technical Assistant','sajal.banerjee@hetc.ac.in ; ranibluekolkata@yahoo.co.in',21,0,16,'electrical machines,electrical drives, power electronic','Electrical Machines, Electrical Drives, ,Power Electronic, Power system, Machine Design.',4),(56,'Debasish Bose','NIL','Senior Technical Assistant','bose.debasish@hetc.ac.in',17,0,1,'NIL','Basic Electrical Engineering, Electrical Circuit Theory, Electrical Machine, Electrical and Electronics measurement, Digital Electronics ,Microprocessor, C,C++',4),(57,'Soumi Dey','NIL','Technical Assistant','soumisahadey@hetc.ac.in',14,0,1,'NIL','Machine, Measurement',4),(58,'Priyanka Ghosh','NIL','Technical Assistant','priyanka.ghosh@hetc.ac.in',8,0,1,'NIL','Power Electronics, Electrical Machine I and II, Control System I & II, Electrical Drives, Power System',4),(59,'Ranjit Majhi','NIL','Sr.Technical Assistant','ranjit.majhi@hetc.ac.in',8,0,2,'NIL','Basic Electrical Lab, Electrical Machines Lab, Control System Lab',4),(70,'Dr. Smitadhi Ganguly','B.E (IIEST, Shibpur) M.E & Ph.D(Jadavpur University)','Associate Professor, HOD','smitadhi@hetc.ac.in',15,5,0,'Finite Element Method, Rotordynamics, Non-Viscous Damping','Engineering Mechanics, Engineering Thermodynamics, Fluid Mechanics, Strength of Materials, Mechanisms, Dynamics of Machines',5),(71,'Samir Ghosh','M.Tech Bengal Engineering College (Deamed University) Shibpur','Co-ordinator & Assistant Professor','samir.ghosh@hetc.ac.in',25,5,2,'Performance and Emissions of IC Engine Using Bio-Diesel and Reduction of NOx, by EGR Technique and SCR system','Engineering Mechanics, Engineering Thermodynamics, Fluid Mechanics, Mechanism, Dynamics of machines, Strength of material, , Thermal Power Engineering, IC Engine & Turbines, Quality and reliability Engineering, Machining and machine tools.',5),(72,'Sandip Basu','M.Tech, National Institute of Technical Teachers Training and Research, Kolkata (NITTTR)','Assistant Professor','sandip.basu@hetc.ac.in',2,0,10,'Advance Welding, Concurrent Engineering, Composite Materials','Advance Manufacturing Technology, Advance Welding Technology, Material Handling, Machining Principle and Machine Tools, Engineering Materials.',5),(73,'Shamik Ghosh','M.E(Jadavpur University)','Assistant Professor','shamik.ghosh@hetc.ac.in',0,0,1,'Robotics','Engineering Mechanics, Engineering Thermodynamics, Fluid Mechanics, Manufacturing Technology, , Metrology & Measurement',5),(74,'Rajib Kumar Mandal','M.Tech','Assistant Professor','rajib.mandal@hetc.ac.in',15,0,0,'Advance Welding Technology, Applied Mechanics, Metallurgy','Engineering Mechanics, Engineering Thermodynamics, Fluid Mechanics, Manufacturing Technology, Heat Transfer, Applied Fluid mechanics, Thermal Power Engineering, Advance Welding Technology, Power Plant Engineering, Automobile Engineering, and Thermal Power Engineering.',5),(75,'Dipanwita Biswas','M.Tech,Pursuing Ph.D(Registered)','Assistant Professor','dipanwita.biswas@hetc.ac.in',13,0,4,'Machinability of Composite material','Basic Engineering Drawing & Computer Graphics (AUTO CAD), Workshop, Fluid Mechanics, Thermal Engineering, Machine Design, Metrology & Measurement, Heat Transfer, Refrigeration & Air-conditioning',5),(76,'Saikat Bandyopadhyaya','NIL','Technical Assistant','Saikat.b20x@gmail.com',5,0,4,'Primary Manufacturing Technology, Industrial ERP System software (SAP), Railway Engineering (Mechanical)','Manufacturing Technology Lab, Thermal Engineering Lab, Fluid Mechanics Lab, Advance Manufacturing lab',5),(77,'Tathagata Mallick','D.M.E., Diploma in Auto-CAD','Technical Assistant','tatha.mallick@gmail.com',7,0,0,'Mechanical Design (CREO V5)','Basic Engineering Drawing & Computer Graphics (AUTO CAD), Design Lab (CREO V5), Material Testing.',5),(78,'Uttam Kumar Samanta','B.Sc., D.M.E., D.E.E.','Senior Technical Assistant','Uttam Kumar Samanta',13,0,8,'Thermal Engineering, Manufacturing Engineering.','Manufacturing Technology, Advance Manufacturing Materials, Thermal Power Engineering, I.C. Engine, Metrology & Measurement.',5),(79,'Shantabrata Pal','I.T.I. (N.C.V.T.)','Workshop Instructor','shantabrata.pal@hetc.ac.in',17,0,2,'Machine Tools and Manufacturing Engineering','Manufacturing Technology , Workshop Technology, Material Testing and Thermal Power Engineering & IC Engine',5),(80,'yigefu','hvwef','hv','ugef',2,2,2,'wegbeg','wbjbeg',1),(81,'Mr khan','bsc','head','d@agmal,com',3,3,34,'math','science',2);
/*!40000 ALTER TABLE `faculty` ENABLE KEYS */;
UNLOCK TABLES;

--
-- Table structure for table `fee_details`
--

DROP TABLE IF EXISTS `fee_details`;
/*!40101 SET @saved_cs_client     = @@character_set_client */;
/*!50503 SET character_set_client = utf8mb4 */;
CREATE TABLE `fee_details` (
  `feeID` int NOT NULL AUTO_INCREMENT,
  `DeptID` int NOT NULL,
  `courseTypeID` int NOT NULL,
  `semester` varchar(255) DEFAULT NULL,
  `tution_fee` decimal(10,2) NOT NULL,
  `admission_fee` decimal(10,2) NOT NULL,
  `library_fee` decimal(10,2) NOT NULL,
  `student_welfare_fee` decimal(10,2) NOT NULL,
  `student_grooming_training_fee` decimal(10,2) NOT NULL,
  `exam_fee` decimal(10,2) NOT NULL,
  `caution_deposit` decimal(10,2) NOT NULL,
  `makaut_reg_fee` decimal(10,2) NOT NULL,
  `makaut_develop_fee` decimal(10,2) NOT NULL,
  `cultutral_tech_event` decimal(10,2) NOT NULL,
  `book_bank` decimal(10,2) NOT NULL,
  `per_sem_fee` decimal(10,2) NOT NULL,
  PRIMARY KEY (`feeID`),
  KEY `DeptID_idx` (`DeptID`),
  KEY `courseTypeID_idx` (`courseTypeID`),
  CONSTRAINT `courseTypeID` FOREIGN KEY (`courseTypeID`) REFERENCES `coursetype` (`courseTypeID`),
  CONSTRAINT `DeptID` FOREIGN KEY (`DeptID`) REFERENCES `departments` (`DeptID`)
) ENGINE=InnoDB AUTO_INCREMENT=71 DEFAULT CHARSET=utf8mb4 COLLATE=utf8mb4_0900_ai_ci;
/*!40101 SET character_set_client = @saved_cs_client */;

--
-- Dumping data for table `fee_details`
--

LOCK TABLES `fee_details` WRITE;
/*!40000 ALTER TABLE `fee_details` DISABLE KEYS */;
INSERT INTO `fee_details` VALUES (1,1,2,'1',40000.00,5000.00,500.00,500.00,0.00,1200.00,10000.00,500.00,2200.00,0.00,2500.00,62400.00),(2,1,2,'2',40000.00,0.00,500.00,500.00,0.00,1200.00,0.00,0.00,0.00,1000.00,0.00,43200.00),(3,1,2,'3',41000.00,0.00,500.00,500.00,0.00,1200.00,0.00,0.00,0.00,0.00,2500.00,45700.00),(4,1,2,'4',41000.00,0.00,500.00,500.00,1000.00,1200.00,0.00,0.00,0.00,1000.00,0.00,45200.00),(5,1,2,'5',42000.00,0.00,500.00,500.00,1000.00,1200.00,0.00,0.00,0.00,0.00,0.00,45200.00),(6,1,2,'6',42000.00,0.00,500.00,500.00,1000.00,1200.00,0.00,0.00,0.00,1000.00,0.00,46200.00),(7,1,2,'7',43000.00,0.00,500.00,500.00,1000.00,1200.00,0.00,0.00,0.00,0.00,0.00,46200.00),(8,1,2,'8',43000.00,0.00,500.00,500.00,0.00,1200.00,0.00,0.00,0.00,1000.00,0.00,46200.00),(9,2,2,'1',40000.00,5000.00,500.00,500.00,0.00,1200.00,10000.00,500.00,2200.00,0.00,2500.00,42400.00),(10,2,2,'2',40000.00,0.00,500.00,500.00,0.00,1200.00,0.00,0.00,0.00,1000.00,0.00,43200.00),(11,2,2,'3',41000.00,0.00,500.00,500.00,0.00,1200.00,0.00,0.00,0.00,0.00,2500.00,45700.00),(12,2,2,'4',41000.00,0.00,500.00,500.00,1000.00,1200.00,0.00,0.00,0.00,1000.00,0.00,45200.00),(13,2,2,'5',42000.00,0.00,500.00,500.00,1000.00,1200.00,0.00,0.00,0.00,0.00,0.00,45200.00),(14,2,2,'6',42000.00,0.00,500.00,500.00,1000.00,1200.00,0.00,0.00,0.00,1000.00,0.00,46200.00),(15,2,2,'7',43000.00,0.00,500.00,500.00,1000.00,1200.00,0.00,0.00,0.00,0.00,0.00,46200.00),(16,2,2,'8',43000.00,0.00,500.00,500.00,0.00,1200.00,0.00,0.00,0.00,1000.00,0.00,46200.00),(17,3,2,'1',40000.00,5000.00,500.00,500.00,0.00,1200.00,10000.00,500.00,2200.00,0.00,2500.00,42400.00),(18,3,2,'2',40000.00,0.00,500.00,500.00,0.00,1200.00,0.00,0.00,0.00,1000.00,0.00,33200.00),(19,3,2,'3',41000.00,0.00,500.00,500.00,0.00,1200.00,0.00,0.00,0.00,0.00,2500.00,45700.00),(20,3,2,'4',41000.00,0.00,500.00,500.00,1000.00,1200.00,0.00,0.00,0.00,1000.00,0.00,45200.00),(21,3,2,'5',42000.00,0.00,500.00,500.00,1000.00,1200.00,0.00,0.00,0.00,0.00,0.00,45200.00),(22,3,2,'6',42000.00,0.00,500.00,500.00,1000.00,1200.00,0.00,0.00,0.00,1000.00,0.00,46200.00),(23,3,2,'7',43000.00,0.00,500.00,500.00,1000.00,1200.00,0.00,0.00,0.00,0.00,0.00,46200.00),(24,3,2,'8',43000.00,0.00,500.00,500.00,0.00,1200.00,0.00,0.00,0.00,1000.00,0.00,46200.00),(25,4,2,'1',40000.00,5000.00,500.00,500.00,0.00,1200.00,10000.00,500.00,2200.00,0.00,2500.00,42400.00),(26,4,2,'2',36000.00,0.00,500.00,500.00,0.00,1200.00,0.00,0.00,0.00,1000.00,0.00,39200.00),(27,4,2,'3',36500.00,0.00,500.00,500.00,0.00,1200.00,0.00,0.00,0.00,0.00,2500.00,41200.00),(28,4,2,'4',36500.00,0.00,500.00,500.00,1000.00,1200.00,0.00,0.00,0.00,1000.00,0.00,40700.00),(29,4,2,'5',37500.00,0.00,500.00,500.00,1000.00,1200.00,0.00,0.00,0.00,0.00,0.00,40700.00),(30,4,2,'6',37500.00,0.00,500.00,500.00,1000.00,1200.00,0.00,0.00,0.00,1000.00,0.00,41700.00),(31,4,2,'7',38500.00,0.00,500.00,500.00,1000.00,1200.00,0.00,0.00,0.00,0.00,0.00,41700.00),(32,4,2,'8',39100.00,0.00,500.00,500.00,0.00,1200.00,0.00,0.00,0.00,1000.00,0.00,42300.00),(33,5,2,'1',40000.00,5000.00,500.00,500.00,0.00,1200.00,10000.00,500.00,2200.00,0.00,2500.00,42400.00),(34,5,2,'2',36000.00,0.00,500.00,500.00,0.00,1200.00,0.00,0.00,0.00,1000.00,0.00,39200.00),(35,5,2,'3',36500.00,0.00,500.00,500.00,0.00,1200.00,0.00,0.00,0.00,0.00,2500.00,41200.00),(36,5,2,'4',36500.00,0.00,500.00,500.00,1000.00,1200.00,0.00,0.00,0.00,1000.00,0.00,40700.00),(37,5,2,'5',37500.00,0.00,500.00,500.00,1000.00,1200.00,0.00,0.00,0.00,0.00,0.00,40700.00),(38,5,2,'6',37500.00,0.00,500.00,500.00,1000.00,1200.00,0.00,0.00,0.00,1000.00,0.00,41700.00),(39,5,2,'7',38500.00,0.00,500.00,500.00,1000.00,1200.00,0.00,0.00,0.00,0.00,0.00,41700.00),(40,5,2,'8',39100.00,0.00,500.00,500.00,0.00,1200.00,0.00,0.00,0.00,1000.00,0.00,42300.00),(41,1,1,'3',41000.00,5000.00,500.00,500.00,0.00,1200.00,10000.00,500.00,1650.00,0.00,2500.00,62850.00),(42,1,1,'4',41000.00,0.00,500.00,500.00,1000.00,1200.00,0.00,0.00,0.00,1000.00,0.00,45200.00),(43,1,1,'5',42000.00,0.00,500.00,500.00,1000.00,1200.00,0.00,0.00,0.00,0.00,0.00,45200.00),(44,1,1,'6',42000.00,0.00,500.00,500.00,1000.00,1200.00,0.00,0.00,0.00,1000.00,0.00,46200.00),(45,1,1,'7',43000.00,0.00,500.00,500.00,1000.00,1200.00,0.00,0.00,0.00,0.00,0.00,46200.00),(46,1,1,'8',43000.00,0.00,500.00,500.00,0.00,1200.00,0.00,0.00,0.00,1000.00,0.00,46200.00),(47,2,1,'3',41000.00,5000.00,500.00,500.00,0.00,1200.00,10000.00,500.00,1650.00,0.00,2500.00,62850.00),(48,2,1,'4',41000.00,0.00,500.00,500.00,1000.00,1200.00,0.00,0.00,0.00,1000.00,0.00,45200.00),(49,2,1,'5',42000.00,0.00,500.00,500.00,1000.00,1200.00,0.00,0.00,0.00,0.00,0.00,45200.00),(50,2,1,'6',42000.00,0.00,500.00,500.00,1000.00,1200.00,0.00,0.00,0.00,1000.00,0.00,46200.00),(51,2,1,'7',43000.00,0.00,500.00,500.00,1000.00,1200.00,0.00,0.00,0.00,0.00,0.00,46200.00),(52,2,1,'8',43000.00,0.00,500.00,500.00,0.00,1200.00,0.00,0.00,0.00,1000.00,0.00,46200.00),(53,3,1,'3',41000.00,5000.00,500.00,500.00,0.00,1200.00,10000.00,500.00,1650.00,0.00,2500.00,62850.00),(54,3,1,'4',41000.00,0.00,500.00,500.00,1000.00,1200.00,0.00,0.00,0.00,1000.00,0.00,45200.00),(55,3,1,'5',42000.00,0.00,500.00,500.00,1000.00,1200.00,0.00,0.00,0.00,0.00,0.00,45200.00),(56,3,1,'6',42000.00,0.00,500.00,500.00,1000.00,1200.00,0.00,0.00,0.00,1000.00,0.00,46200.00),(57,3,1,'7',43000.00,0.00,500.00,500.00,1000.00,1200.00,0.00,0.00,0.00,0.00,0.00,46200.00),(58,3,1,'8',43000.00,0.00,500.00,500.00,0.00,1200.00,0.00,0.00,0.00,1000.00,0.00,46200.00),(59,4,1,'3',41000.00,5000.00,500.00,500.00,0.00,1200.00,10000.00,500.00,1650.00,0.00,2500.00,45000.00),(60,4,1,'4',41000.00,0.00,500.00,500.00,1000.00,1200.00,0.00,0.00,0.00,1000.00,0.00,35000.00),(61,4,1,'5',42000.00,0.00,500.00,500.00,1000.00,1200.00,0.00,0.00,0.00,0.00,0.00,35000.00),(62,4,1,'6',42000.00,0.00,500.00,500.00,1000.00,1200.00,0.00,0.00,0.00,1000.00,0.00,35000.00),(63,4,1,'7',43000.00,0.00,500.00,500.00,1000.00,1200.00,0.00,0.00,0.00,0.00,0.00,35000.00),(64,4,1,'8',43000.00,0.00,500.00,500.00,0.00,1200.00,0.00,0.00,0.00,1000.00,0.00,35000.00),(65,5,1,'3',41000.00,5000.00,500.00,500.00,0.00,1200.00,10000.00,500.00,1650.00,0.00,2500.00,45000.00),(66,5,1,'4',41000.00,0.00,500.00,500.00,1000.00,1200.00,0.00,0.00,0.00,1000.00,0.00,35000.00),(67,5,1,'5',42000.00,0.00,500.00,500.00,1000.00,1200.00,0.00,0.00,0.00,0.00,0.00,35000.00),(68,5,1,'6',42000.00,0.00,500.00,500.00,1000.00,1200.00,0.00,0.00,0.00,1000.00,0.00,35000.00),(69,5,1,'7',43000.00,0.00,500.00,500.00,1000.00,1200.00,0.00,0.00,0.00,0.00,0.00,35000.00),(70,5,1,'8',43000.00,0.00,500.00,500.00,0.00,1200.00,0.00,0.00,0.00,1000.00,0.00,35000.00);
/*!40000 ALTER TABLE `fee_details` ENABLE KEYS */;
UNLOCK TABLES;

--
-- Table structure for table `placement`
--

DROP TABLE IF EXISTS `placement`;
/*!40101 SET @saved_cs_client     = @@character_set_client */;
/*!50503 SET character_set_client = utf8mb4 */;
CREATE TABLE `placement` (
  `sl_no` int NOT NULL AUTO_INCREMENT,
  `student_name` varchar(100) DEFAULT NULL,
  `department` varchar(50) DEFAULT NULL,
  `year` varchar(10) DEFAULT NULL,
  `company_name` varchar(100) DEFAULT NULL,
  PRIMARY KEY (`sl_no`)
) ENGINE=InnoDB AUTO_INCREMENT=243 DEFAULT CHARSET=utf8mb4 COLLATE=utf8mb4_0900_ai_ci;
/*!40101 SET character_set_client = @saved_cs_client */;

--
-- Dumping data for table `placement`
--

LOCK TABLES `placement` WRITE;
/*!40000 ALTER TABLE `placement` DISABLE KEYS */;
INSERT INTO `placement` VALUES (1,'BISHAL ROY','CE','2024','ABCI Infrastructures Pvt. Ltd.'),(2,'ARNAB DUTTA','CE','2024','ABCI Infrastructures Pvt. Ltd.'),(3,'ARPIT PATRA','ECE','2024','Accenture'),(4,'POUSHALI MANNA','CSE','2024','Accenture'),(5,'SOUVIK KUNDU','CSE','2024','Accenture'),(6,'SUKALPA MALO','ME','2024','Amazon'),(7,'HRITAMA SINHA','EE','2024','Amazon'),(8,'AVIRUP MUKHERJEE','CSE','2024','Amazon'),(9,'BIKRAMJIT BHATTACHARYA','CSE','2024','Amazon'),(10,'AHANA BHATTACHERJEE','CSE','2024','Amazon'),(11,'SANTANU CHATTERJEE','CSE','2024','Amazon'),(12,'SAYANDIP DAS','CSE','2024','Amazon'),(13,'RIA BHATTACHARJEE','ECE','2024','Amazon'),(14,'SRIJANI SAU','ECE','2024','Amazon'),(15,'SANUJA CHAKRABORTY','CSE','2024','Arodek Technology Consulting Pvt. Ltd.'),(16,'SOUMABHA BANERJEE','CSE','2024','Arodek Technology Consulting Pvt. Ltd.'),(17,'TAPAS SWARNAKAR','ME','2024','Armstrong International Private Limited'),(18,'BIKAS KUMAR PANDEY','EE','2024','BMW Industries Ltd.'),(19,'SAPTARSHI BHOWMICK','EE','2024','BMW Industries Ltd.'),(20,'SHAHIL MAJI','ME','2024','BMW Industries Ltd.'),(21,'SUBHOJIT MONDAL','ME','2024','BMW Industries Ltd.'),(22,'RESHMI SHAW','ECE','2024','British Telecom'),(23,'SHRI HARI PANDEY','CSE','2024','BYJU\'S'),(24,'SUMIT KARMAKAR','EE','2024','BYJU\'S'),(25,'PRANSHU DAS','CSE','2024','Blueflame Labs Pvt. Ltd.'),(26,'POUSHALI CHATTOPADHYAY','CSE','2024','Blueflame Labs Pvt. Ltd.'),(27,'SINCHAN BASU','CSE','2024','Blueflame Labs Pvt. Ltd.'),(28,'SHREYA DEY','ECE','2024','Café Coffee Day'),(29,'SUSMITA SARNAKAR','ECE','2024','Café Coffee Day'),(30,'MD MIJANUR RAHAMAN','ME','2024','Café Coffee Day'),(31,'BISHAL CHAKRABORTY','CSE','2024','Codezin Technology Solutions Pvt. Ltd.'),(32,'UTSAV CHATTERJEE','CSE','2024','Codezin Technology Solutions Pvt. Ltd.'),(33,'POUSHALI CHATTOPADHYAY','CSE','2024','Codezin Technology Solutions Pvt. Ltd.'),(34,'CHANDRACHUR MUKHERJEE','EE','2024','Ceasefire Industries Pvt. Ltd.'),(35,'RIA BHATTACHARJEE','ECE','2024','Ceasefire Industries Pvt. Ltd.'),(36,'GOURAB BHATTACHARYA','CSE','2024','Ceasefire Industries Pvt. Ltd.'),(37,'NILIMESH GHOSH','EE','2024','Cadence Design Systems'),(38,'RUPA HAZRA','CE','2024','Chegg India'),(39,'SOUMEN DAS','CE','2024','Chegg India'),(40,'SAYAN SEN','ME','2024','Chegg India'),(41,'SAYANTAN GHOSH','ME','2024','Chegg India'),(42,'HRITAMA SINHA','EE','2024','Chegg India'),(43,'SAHELI BANSHI','CE','2024','Chegg India'),(44,'ANKUSH KHAMARU','CSE','2024','Chegg India'),(45,'APRATIM MUKHERJEE','CSE','2024','Chegg India'),(46,'ARNAB SADHUKHAN','CSE','2024','Chegg India'),(47,'GOURAV TIWARI','CSE','2024','Chegg India'),(48,'SANTANU JANA','CSE','2024','Chegg India'),(49,'SNEHAL NANDI','CSE','2024','Chegg India'),(50,'TANUSRI MONDAL','CSE','2024','Chegg India'),(51,'UPASANA MUKHERJEE','CSE','2024','Chegg India'),(52,'SULAGNA DAS','CSE','2024','Chegg India'),(53,'SHOUVIK KUNDU','CSE','2024','Chegg India'),(54,'SOHAM CHATTERJEE','ME','2024','Chegg India'),(55,'SAIKAT PARAMANICK','ME','2024','Chegg India'),(56,'KRISHANU CHINYA','CSE','2024','Cloudkaptan Consultancy Services Private Limited'),(57,'SOUNAK CHAKRABORTY','ECE','2024','Cloudkaptan Consultancy Services Private Limited'),(58,'PRITHIBA DAS','CSE','2024','Cloudkaptan Consultancy Services Private Limited'),(59,'DEBJYOTI PAL','ECE','2024','Cloudkaptan Consultancy Services Private Limited'),(60,'EKTAA SHAW','CSE','2024','Codezin Technology Solutions Pvt. Ltd.'),(61,'ARKA DATTA','ECE','2024','Codezin Technology Solutions Pvt. Ltd.'),(62,'PRITHIBA DAS','CSE','2024','Deloitte'),(63,'POUSHALI MANNA','CSE','2024','Deloitte'),(64,'SUBHANKAR GHOSH','CSE','2024','Deloitte'),(65,'AVI SHEE','ECE','2024','EMMVEE Photovoltaic Power Private Limited'),(66,'AYSHIK BHATTACHARYA','ECE','2024','EMMVEE Photovoltaic Power Private Limited'),(67,'SHAYAK DAS','ECE','2024','EMMVEE Photovoltaic Power Private Limited'),(68,'RISHAV CHAKRABORTY','EE','2024','EMMVEE Photovoltaic Power Private Limited'),(69,'SUMIT KARMAKAR','EE','2024','EMMVEE Photovoltaic Power Private Limited'),(70,'SUSHANT SHARMA','EE','2024','EMMVEE Photovoltaic Power Private Limited'),(71,'VIJAY KUMAR SINGH','EE','2024','EMMVEE Photovoltaic Power Private Limited'),(72,'SAIKAT SARKAR','ME','2024','EMMVEE Photovoltaic Power Private Limited'),(73,'SAYANTAN GHOSH','ME','2024','EMMVEE Photovoltaic Power Private Limited'),(74,'DIPA KUNDU','CSE','2024','ESAF Small Finance Bank'),(75,'TIYASHA GHOSH','ECE','2024','ESAF Small Finance Bank'),(76,'SHOUVIK KUNDU','CSE','2024','ESAF Small Finance Bank'),(77,'SULAGNA DAS','CSE','2024','ESAF Small Finance Bank'),(78,'SAGNIK GOSWAMI','CSE','2024','ESAF Small Finance Bank'),(79,'BIKASH KUMAR SHAW','EE','2024','Grindmaster Machines Pvt. Ltd.'),(80,'SUMAN MONDAL','ECE','2024','Growupp'),(81,'VIJAY KUMAR SINGH','EE','2024','Growupp'),(82,'BIDISHA MANNA','EE','2024','Growupp'),(83,'RAHUL DOM','EE','2024','Geekay Winding Wires Limited'),(84,'SUDIPTA GHOSH','EE','2024','Geekay Winding Wires Limited'),(85,'SUMIT SARKAR','EE','2024','Geekay Winding Wires Limited'),(86,'SOUVIK RANA','EE','2024','Geekay Winding Wires Limited'),(87,'ABHISHEK MANNA','ECE','2024','Hexaware Technologies'),(88,'SOURAV SANTRA','CE','2024','Hindustan Construction Company Limited'),(89,'AYAN ACHARYYA','ECE','2024','HCL Tech'),(90,'ARKA DATTA','ECE','2024','HCL Tech'),(91,'SAUGATA SARKAR','ECE','2024','HCL Tech'),(92,'EKTAA SHAW','CSE','2024','HCL Tech'),(93,'ABIR DUTTA','CSE','2024','IBM INDIA'),(94,'KRISHANU CHINYA','CSE','2024','IBM INDIA'),(95,'PRITHIBA DAS','CSE','2024','IBM INDIA'),(96,'PRITHIBA DAS','CSE','2024','INFOSYS'),(97,'SAYAN BHATTACHARJEE','EE','2024','IntelliPaat'),(98,'AHANA DE','CSE','2024','Itobuz Technologies Pvt. Ltd.'),(99,'BUDHADITYA MUKHERJEE','CSE','2024','Itobuz Technologies Pvt. Ltd.'),(100,'SOURAV KUNDU','EE','2024','ITD Cementation India Limited'),(101,'TUSHAR ATHA','ME','2024','ITD Cementation India Limited'),(102,'SUBHAM DAS','ME','2024','ITD Cementation India Limited'),(103,'ZENIA BANERJEE','CSE','2024','Itobuz Technologies Pvt. Ltd.'),(104,'TUHIN MUKHERJEE','CSE','2024','Itobuz Technologies Pvt. Ltd.'),(105,'AKASH HAZRA','ME','2024','Jyoti CNC Automation Limited'),(106,'ARGHYADIP HAZRA','ME','2024','Jyoti CNC Automation Limited'),(107,'NISNATA PATRA','ME','2024','Jyoti CNC Automation Limited'),(108,'SAMIR PAUL','ME','2024','Jyoti CNC Automation Limited'),(109,'SEBASHIS DEY','ME','2024','Jyoti CNC Automation Limited'),(110,'JAGRITI NANDI','CE','2024','Kalpataru Projects International Limited'),(111,'RAJ SADHUKHAN','CE','2024','Kalpataru Projects International Limited'),(112,'SUBRATA MASANTA','CE','2024','Kalpataru Projects International Limited'),(113,'SUBHAMAYA SEN','CE','2024','Kalpataru Projects International Limited'),(114,'TUHIN SUR','ME','2024','Kalpataru Projects International Limited'),(115,'POUSHALI MANNA','CSE','2024','Kovair Software Pvt. Ltd.'),(116,'AZAD SINGH','CSE','2024','Kreeti Technologies Pvt. Ltd.'),(117,'DIGDORSHEE GHOSAL','CSE','2024','Matrix Media Solutions Pvt. Ltd.'),(118,'PRANSHU DAS','CSE','2024','Matrix Media Solutions Pvt. Ltd.'),(119,'ARGHYA MALLICK','EE','2024','Matrix Media Solutions Pvt. Ltd.'),(120,'SAMPURNA MALLICK','CSE','2024','Matrix Media Solutions Pvt. Ltd.'),(121,'AYAN ACHARYYA','ECE','2024','Matrix Media Solutions Pvt. Ltd.'),(122,'INDRANIL MANNA','EE','2024','Lalbaba Engineering Group'),(123,'SAIKAT PAN','EE','2024','Lalbaba Engineering Group'),(124,'SHAHIL MAJI','ME','2024','Lalbaba Engineering Group'),(125,'AVI SHEE','ECE','2024','Lalbaba Engineering Group'),(126,'SURAJ PRASAD','ECE','2024','Lalbaba Engineering Group'),(127,'RAJ ROHIT CHOWDHURI','ME','2024','Lalbaba Engineering Group'),(128,'RONIT GUPTA','ME','2024','Lalbaba Engineering Group'),(129,'SAIKAT PARAMANICK','ME','2024','Lalbaba Engineering Group'),(130,'ROUNAK GHOSH','EE','2024','Lumino Industries Limited'),(131,'ARGHYA CHAKRABORTY','CSE','2024','Maventic Innovative Solutions Private Limited'),(132,'KRISHANU CHINYA','CSE','2024','Maventic Innovative Solutions Private Limited'),(133,'PARTHIB KUMAR SARKAR','CSE','2024','Maventic Innovative Solutions Private Limited'),(134,'RAJDEEP GHOSH','CSE','2024','Maventic Innovative Solutions Private Limited'),(135,'ABHISHEK MANNA','ECE','2024','Maventic Innovative Solutions Private Limited'),(136,'SOURAV BAIN','CSE','2024','Nature Technologies Pvt. Ltd.'),(137,'BIDISHA GOSWAMI','CSE','2024','Nature Technologies Pvt. Ltd.'),(138,'SUMAN BHOWMICK','ME','2024','MEP Engineering Solution'),(139,'ANIRBAN BALA','CE','2024','Pinnacle Infotech Solutions'),(140,'ARHANA CHAKRABORTY','CE','2024','Pinnacle Infotech Solutions'),(141,'JAYSREE BANIK','CE','2024','Pinnacle Infotech Solutions'),(142,'JYOTIRBAN PANJA','CE','2024','Pinnacle Infotech Solutions'),(143,'SANGEETA HAZRA','CE','2024','Pinnacle Infotech Solutions'),(144,'SHREOSI BASU RAY','CE','2024','Pinnacle Infotech Solutions'),(145,'SHRUTI SHARMA','CE','2024','Pinnacle Infotech Solutions'),(146,'SOUMEN DAS','CE','2024','Pinnacle Infotech Solutions'),(147,'SOUMYAJIT DAS','CE','2024','Pinnacle Infotech Solutions'),(148,'SUBHANKAR PAL','CE','2024','Pinnacle Infotech Solutions'),(149,'SUVOM GHOSH','CE','2024','Pinnacle Infotech Solutions'),(150,'SAIKAT GHOSH','EE','2024','Pinnacle Infotech Solutions'),(151,'ARNAB KOLEY','ME','2024','Pinnacle Infotech Solutions'),(152,'DIPANKAR MALLICK','ME','2024','Pinnacle Infotech Solutions'),(153,'SAYAN SEN','ME','2024','Pinnacle Infotech Solutions'),(154,'TRINA GHOSH','ME','2024','Pinnacle Infotech Solutions'),(155,'SUKHEN DUTTA','CE','2024','Pinnacle Infotech Solutions'),(156,'SUJIT MITRA','CE','2024','Pinnacle Infotech Solutions'),(157,'GAURAV MISHRA','CE','2024','Pinnacle Infotech Solutions'),(158,'SOURAV JANA','CE','2024','Pinnacle Infotech Solutions'),(159,'RIYA ROY','CE','2024','Pinnacle Infotech Solutions'),(160,'SAYANI MITRA','CE','2024','Pinnacle Infotech Solutions'),(161,'SUDIPTA DWARI','ME','2024','Pinnacle Infotech Solutions'),(162,'AZAD SINGH','CSE','2024','Poornam Info Vision Pvt. Ltd.'),(163,'EKTAA SHAW','CSE','2024','Poornam Info Vision Pvt. Ltd.'),(164,'KRISHANU CHINYA','CSE','2024','Poornam Info Vision Pvt. Ltd.'),(165,'SHRAYOSEE ROY','CSE','2024','Poornam Info Vision Pvt. Ltd.'),(166,'SUBHANKAR GHOSH','CSE','2024','Poornam Info Vision Pvt. Ltd.'),(167,'TUHIN MUKHERJEE','CSE','2024','Poornam Info Vision Pvt. Ltd.'),(168,'ZENIA BANERJEE','CSE','2024','Poornam Info Vision Pvt. Ltd.'),(169,'ABHISHEK MANNA','ECE','2024','Poornam Info Vision Pvt. Ltd.'),(170,'ARKA DATTA','ECE','2024','Poornam Info Vision Pvt. Ltd.'),(171,'AYAN ACHARYYA','ECE','2024','Poornam Info Vision Pvt. Ltd.'),(172,'DEBJYOTI PAL','ECE','2024','Poornam Info Vision Pvt. Ltd.'),(173,'SAUGATA SARKAR','ECE','2024','Poornam Info Vision Pvt. Ltd.'),(174,'SUGATA GHOSAL','ECE','2024','Poornam Info Vision Pvt. Ltd.'),(175,'ANIRBAN BASULI','CSE','2024','Poornam Info Vision Pvt. Ltd.'),(176,'OINDRILLA CHATTOPADHYAY','CSE','2024','Poornam Info Vision Pvt. Ltd.'),(177,'PRIYANKA KUMARI','CSE','2024','Poornam Info Vision Pvt. Ltd.'),(178,'SHATABDI KARMAKAR','CSE','2024','Poornam Info Vision Pvt. Ltd.'),(179,'SINJINI BANERJEE','CSE','2024','Poornam Info Vision Pvt. Ltd.'),(180,'SOUMYADEEP SINHA','CSE','2024','Poornam Info Vision Pvt. Ltd.'),(181,'SUBHAM DAS','ECE','2024','Poornam Info Vision Pvt. Ltd.'),(182,'RUPA HAZRA','CE','2024','Prism Johnson Limited (RMC India Division)'),(183,'PRIYO GHOSH','CE','2024','Prism Johnson Limited (RMC India Division)'),(184,'SUJOY KUMAR SAHA','CE','2024','Prism Johnson Limited (RMC India Division)'),(185,'ARITRA RANJAN CHOWDHURY','CSE','2024','Promact Infotech Pvt. Ltd.'),(186,'DEBMALLYA PATHAK','CSE','2024','Promact Infotech Pvt. Ltd.'),(187,'POUSHALI CHATTOPADHYAY','CSE','2024','Promact Infotech Pvt. Ltd.'),(188,'SANGHITA KUNDU','CSE','2024','Promact Infotech Pvt. Ltd.'),(189,'SUPRATIM MAJUMDER','CSE','2024','Promact Infotech Pvt. Ltd.'),(190,'ANIRBAN DAS','CE','2024','Rydberg Engineering'),(191,'MD ANISH','CE','2024','Rydberg Engineering'),(192,'RUMKI DAS','CE','2024','Rydberg Engineering'),(193,'SANJIBAN RUDRA','CE','2024','Rydberg Engineering'),(194,'SOHANA MONDAL','CE','2024','Rydberg Engineering'),(195,'ABHIRUP DAM','CE','2024','Shyam Infra Nirman Private Limited'),(196,'SANKET AICH','CE','2024','Shyam Infra Nirman Private Limited'),(197,'PRITHIBA DAS','CSE','2024','Standard Chartered Global Business Services Private Limited'),(198,'SAYAN SEN','ME','2024','Sutherland'),(199,'AZAD SINGH','CSE','2024','TCS'),(200,'EKTAA SHAW','CSE','2024','TCS'),(201,'KRISHANU CHINYA','CSE','2024','TCS'),(202,'SK ESHAUDDIN','CSE','2024','TCS'),(203,'ABHISHEK MANNA','ECE','2024','TCS'),(204,'ARKA DATTA','ECE','2024','TCS'),(205,'DEBJYOTI PAL','ECE','2024','TCS'),(206,'TRISHA ROY','ECE','2024','TCS'),(207,'MOHAR MAITRA','ECE','2024','TCS'),(208,'BARNALI MAJUMDER','EE','2024','TCS'),(209,'SUBHODEEP DAS','EE','2024','TCS'),(210,'ARGHYA DAS','ME','2024','TCS'),(211,'SAUGATA SARKAR','ECE','2024','TCS'),(212,'SAYAN MAITRA','CSE','2024','TCS'),(213,'SAKLIN SK','CSE','2024','TCS'),(214,'KRISHANU CHINYA','CSE','2024','Tech Mahindra'),(215,'HRITAMA SINHA','EE','2024','Titagarh Wagons Limited'),(216,'PROSHENJEET BARMAN','EE','2024','Titagarh Wagons Limited'),(217,'SOUMYA DAS','EE','2024','Titagarh Wagons Limited'),(218,'NISHA GONJHU','EE','2024','TRANSMOGRIFY'),(219,'SOUMYAJIT MONDAL','EE','2024','TRANSMOGRIFY'),(220,'SOUVIK DEY','EE','2024','TRANSMOGRIFY'),(221,'SUBHRONIL SEN','EE','2024','TRANSMOGRIFY'),(222,'SAYAN CHATTERJEE','CSE','2024','TRANSMOGRIFY'),(223,'AISHIK SENGUPTA','CE','2024','UltraTech Cement Limited'),(224,'AYESHA PARBIN','CE','2024','UltraTech Cement Limited'),(225,'BISWAJIT KOLEY','CE','2024','UltraTech Cement Limited'),(226,'CHIRADEEP PAKIRA','CE','2024','UltraTech Cement Limited'),(227,'DEBARGHYA BARMAN','CE','2024','UltraTech Cement Limited'),(228,'SAMARPITA HANGSA','CE','2024','UltraTech Cement Limited'),(229,'SANJIBAN RUDRA','CE','2024','UltraTech Cement Limited'),(230,'SMRITI SAHA','CE','2024','UltraTech Cement Limited'),(231,'SOURAVI DAS','CE','2024','UltraTech Cement Limited'),(232,'SUBHADIP SANTRA','CE','2024','UltraTech Cement Limited'),(233,'BISHNU DEBNATH','EE','2024','Uma Poly Solutions Pvt. Ltd.'),(234,'TRIDIB KUNDU','EE','2024','Uma Poly Solutions Pvt. Ltd.'),(235,'sinha','cse','2023','Meta'),(236,'Prantika Ghosh','CSE','2020','Nelito'),(237,'Debashrita Pramanik','ECE','2020','IBM'),(238,'Debashrita Pramanik','ECE','2020','Accenture'),(239,'Shilpa Das','ECE','2020','Accenture'),(240,'Debashrita Pramanik','ECE','2020','Chegg'),(241,'Arkya Guha Chowdhury','ECE','2021','TCS'),(242,'Dip Biswas','ME','2022','TCS');
/*!40000 ALTER TABLE `placement` ENABLE KEYS */;
UNLOCK TABLES;

--
-- Table structure for table `total_fee`
--

DROP TABLE IF EXISTS `total_fee`;
/*!40101 SET @saved_cs_client     = @@character_set_client */;
/*!50503 SET character_set_client = utf8mb4 */;
CREATE TABLE `total_fee` (
  `id` int NOT NULL AUTO_INCREMENT,
  `deptid` int NOT NULL,
  `coursetypeid` int NOT NULL,
  `total_fee_of_dept` decimal(10,2) NOT NULL,
  PRIMARY KEY (`id`),
  KEY `DeptID int _idx` (`deptid`),
  KEY `courseTypeID_idx` (`coursetypeid`),
  CONSTRAINT `coursetype_id` FOREIGN KEY (`coursetypeid`) REFERENCES `coursetype` (`courseTypeID`),
  CONSTRAINT `dept_id` FOREIGN KEY (`deptid`) REFERENCES `departments` (`DeptID`)
) ENGINE=InnoDB AUTO_INCREMENT=11 DEFAULT CHARSET=utf8mb4 COLLATE=utf8mb4_0900_ai_ci;
/*!40101 SET character_set_client = @saved_cs_client */;

--
-- Dumping data for table `total_fee`
--

LOCK TABLES `total_fee` WRITE;
/*!40000 ALTER TABLE `total_fee` DISABLE KEYS */;
INSERT INTO `total_fee` VALUES (1,1,2,370000.00),(2,2,2,350000.00),(3,3,2,340000.00),(4,4,2,320000.00),(5,5,2,320000.00),(6,1,1,282000.00),(7,2,1,282000.00),(8,3,1,282000.00),(9,4,1,210000.00),(10,5,1,210000.00);
/*!40000 ALTER TABLE `total_fee` ENABLE KEYS */;
UNLOCK TABLES;
/*!40103 SET TIME_ZONE=@OLD_TIME_ZONE */;

/*!40101 SET SQL_MODE=@OLD_SQL_MODE */;
/*!40014 SET FOREIGN_KEY_CHECKS=@OLD_FOREIGN_KEY_CHECKS */;
/*!40014 SET UNIQUE_CHECKS=@OLD_UNIQUE_CHECKS */;
/*!40101 SET CHARACTER_SET_CLIENT=@OLD_CHARACTER_SET_CLIENT */;
/*!40101 SET CHARACTER_SET_RESULTS=@OLD_CHARACTER_SET_RESULTS */;
/*!40101 SET COLLATION_CONNECTION=@OLD_COLLATION_CONNECTION */;
/*!40111 SET SQL_NOTES=@OLD_SQL_NOTES */;

-- Dump completed on 2024-05-17 21:23:13
